{
  "$schema": "https://turbo.build/schema.json",
  "ui": "tui",
  "tasks": {
    "build": {
      "dependsOn": [
        "^build"
      ],
      "inputs": [
        "$TURBO_DEFAULT$",
        ".env*"
      ],
      "outputs": [
        "dist/**",
        ".next/**",
        "!.next/cache/**"
      ]
    },
    "dev": {
      "cache": false,
      "persistent": true
    },
    "lint": {
      "dependsOn": [
        "^build"
      ],
      "inputs": [
        "$TURBO_DEFAULT$"
      ]
    },
    "type-check": {
      "dependsOn": [
        "^build"
      ],
      "inputs": [
        "$TURBO_DEFAULT$"
      ]
    },
    "test": {
      "dependsOn": [
        "^build"
      ],
      "inputs": [
        "$TURBO_DEFAULT$"
      ]
    },
    "clean": {
      "cache": false
    },
    "package": {
      "dependsOn": [
        "build"
      ],
      "outputs": [
        "release/**"
      ],
      "cache": false
    },
    "db:generate": {
      "cache": false
    },
    "db:migrate": {
      "cache": false
    },
    "db:push": {
      "cache": false
    }
  }
}