{
  "$schema": "https://json.schemastore.org/tsconfig",
  "display": "Base",
  "compilerOptions": {
    "strict": true,
    "strictNullChecks": true,
    "noImplicitAny": true,
    "noImplicitReturns": true,
    "noImplicitThis": true,
    "noUnusedLocals": true,
    "noUnusedParameters": true,
    "forceConsistentCasingInFileNames": true,
    "skipLibCheck": true,
    "esModuleInterop": true,
    "allowSyntheticDefaultImports": true,
    "resolveJsonModule": true,
    "isolatedModules": true,
    "moduleResolution": "bundler",
    "module": "ESNext",
    "target": "ES2022",
    "lib": ["ES2022"],
    "declaration": true,
    "declarationMap": true,
    "sourceMap": true,
    "incremental": false
  },
  "exclude": ["node_modules", "dist"]
}

